image_size,batch,layer,kernel_name,count
32,1,features.0:Conv2d,"void implicit_convolve_sgemm<float, float, 128, 5, 5, 3, 3, 3, 1, false, false, true>(int, int, int, float const*, int, float*, float const*, kernel_conv_params, unsigned long long, int, float, float, int, float const*, float const*, bool, bool, int, int)",1
32,1,features.1:BatchNorm2d,"void cudnn::bn_fw_inf_1C11_kernel_NCHW<float, float, true, 1>(float, float, cudnnTensorStruct, float const*, cudnnTensorStruct, float*, cudnnTensorStruct, float const*, float const*, float const*, float const*, float)",1
32,1,features.2:ReLU,"void at::native::vectorized_elementwise_kernel<4, at::native::(anonymous namespace)::launch_clamp_scalar(at::TensorIteratorBase&, c10::Scalar, c10::Scalar, at::native::detail::ClampLimits)::{lambda()#1}::operator()() const::{lambda()#7}::operator()() const::{lambda(float)#1}, std::array<char*, 2ul> >(int, at::native::(anonymous namespace)::launch_clamp_scalar(at::TensorIteratorBase&, c10::Scalar, c10::Scalar, at::native::detail::ClampLimits)::{lambda()#1}::operator()() const::{lambda()#7}::operator()() const::{lambda(float)#1}, std::array<char*, 2ul>)",1
32,1,features.3:MaxPool2d,"void at::native::(anonymous namespace)::max_pool_forward_nchw<float, int>(int, float const*, long, long, long, int, int, int, int, int, int, int, int, int, int, float*, long*)",1
32,1,features.4:Conv2d,"std::enable_if<!(false), void>::type internal::gemvx::kernel<int, int, float2, float2, float2, float2, false, true, true, false, 5, false, cublasGemvParamsEx<int, cublasGemvTensorStridedBatched<float2 const>, cublasGemvTensorStridedBatched<float2 const>, cublasGemvTensorStridedBatched<float2>, float2> >(cublasGemvParamsEx<int, cublasGemvTensorStridedBatched<float2 const>, cublasGemvTensorStridedBatched<float2 const>, cublasGemvTensorStridedBatched<float2>, float2>)",1
32,1,features.4:Conv2d,"void fft2d_c2r_16x16<float, false>(float*, float2*, int, int, int, int, int, int, int, int, int, int, float, float, int, cudnnActivationStruct, float*, float*)",1
32,1,features.4:Conv2d,"void fft2d_r2c_16x16<float>(float2*, float const*, int, int, int, int, int, int, int, int)",2
32,1,features.4:Conv2d,"void flip_filter<float, float>(float*, float const*, int, int, int, int)",1
32,1,features.5:BatchNorm2d,"void cudnn::bn_fw_inf_1C11_kernel_NCHW<float, float, true, 1>(float, float, cudnnTensorStruct, float const*, cudnnTensorStruct, float*, cudnnTensorStruct, float const*, float const*, float const*, float const*, float)",1
32,1,features.6:ReLU,"void at::native::vectorized_elementwise_kernel<4, at::native::(anonymous namespace)::launch_clamp_scalar(at::TensorIteratorBase&, c10::Scalar, c10::Scalar, at::native::detail::ClampLimits)::{lambda()#1}::operator()() const::{lambda()#7}::operator()() const::{lambda(float)#1}, std::array<char*, 2ul> >(int, at::native::(anonymous namespace)::launch_clamp_scalar(at::TensorIteratorBase&, c10::Scalar, c10::Scalar, at::native::detail::ClampLimits)::{lambda()#1}::operator()() const::{lambda()#7}::operator()() const::{lambda(float)#1}, std::array<char*, 2ul>)",1
32,1,features.7:Conv2d,"void implicit_convolve_sgemm<float, float, 128, 5, 5, 3, 3, 3, 1, false, false, true>(int, int, int, float const*, int, float*, float const*, kernel_conv_params, unsigned long long, int, float, float, int, float const*, float const*, bool, bool, int, int)",1
32,1,features.8:BatchNorm2d,"void cudnn::bn_fw_inf_1C11_kernel_NCHW<float, float, true, 1>(float, float, cudnnTensorStruct, float const*, cudnnTensorStruct, float*, cudnnTensorStruct, float const*, float const*, float const*, float const*, float)",1
32,1,features.9:ReLU,"void at::native::vectorized_elementwise_kernel<4, at::native::(anonymous namespace)::launch_clamp_scalar(at::TensorIteratorBase&, c10::Scalar, c10::Scalar, at::native::detail::ClampLimits)::{lambda()#1}::operator()() const::{lambda()#7}::operator()() const::{lambda(float)#1}, std::array<char*, 2ul> >(int, at::native::(anonymous namespace)::launch_clamp_scalar(at::TensorIteratorBase&, c10::Scalar, c10::Scalar, at::native::detail::ClampLimits)::{lambda()#1}::operator()() const::{lambda()#7}::operator()() const::{lambda(float)#1}, std::array<char*, 2ul>)",1
32,1,features.10:Conv2d,volta_sgemm_32x32_sliced1x4_nn,1
32,1,features.11:BatchNorm2d,"void cudnn::bn_fw_inf_1C11_kernel_NCHW<float, float, true, 1>(float, float, cudnnTensorStruct, float const*, cudnnTensorStruct, float*, cudnnTensorStruct, float const*, float const*, float const*, float const*, float)",1
32,1,features.12:ReLU,"void at::native::vectorized_elementwise_kernel<4, at::native::(anonymous namespace)::launch_clamp_scalar(at::TensorIteratorBase&, c10::Scalar, c10::Scalar, at::native::detail::ClampLimits)::{lambda()#1}::operator()() const::{lambda()#7}::operator()() const::{lambda(float)#1}, std::array<char*, 2ul> >(int, at::native::(anonymous namespace)::launch_clamp_scalar(at::TensorIteratorBase&, c10::Scalar, c10::Scalar, at::native::detail::ClampLimits)::{lambda()#1}::operator()() const::{lambda()#7}::operator()() const::{lambda(float)#1}, std::array<char*, 2ul>)",1
32,1,features.13:Conv2d,"void implicit_convolve_sgemm<float, float, 128, 5, 5, 3, 3, 3, 1, false, false, true>(int, int, int, float const*, int, float*, float const*, kernel_conv_params, unsigned long long, int, float, float, int, float const*, float const*, bool, bool, int, int)",1
32,1,features.14:BatchNorm2d,"void cudnn::bn_fw_inf_1C11_kernel_NCHW<float, float, true, 1>(float, float, cudnnTensorStruct, float const*, cudnnTensorStruct, float*, cudnnTensorStruct, float const*, float const*, float const*, float const*, float)",1
32,1,features.15:ReLU,"void at::native::vectorized_elementwise_kernel<4, at::native::(anonymous namespace)::launch_clamp_scalar(at::TensorIteratorBase&, c10::Scalar, c10::Scalar, at::native::detail::ClampLimits)::{lambda()#1}::operator()() const::{lambda()#7}::operator()() const::{lambda(float)#1}, std::array<char*, 2ul> >(int, at::native::(anonymous namespace)::launch_clamp_scalar(at::TensorIteratorBase&, c10::Scalar, c10::Scalar, at::native::detail::ClampLimits)::{lambda()#1}::operator()() const::{lambda()#7}::operator()() const::{lambda(float)#1}, std::array<char*, 2ul>)",1
32,1,features.16:Conv2d,volta_sgemm_32x32_sliced1x4_nn,1
32,1,features.17:BatchNorm2d,"void cudnn::bn_fw_inf_1C11_kernel_NCHW<float, float, true, 1>(float, float, cudnnTensorStruct, float const*, cudnnTensorStruct, float*, cudnnTensorStruct, float const*, float const*, float const*, float const*, float)",1
32,1,features.18:ReLU,"void at::native::vectorized_elementwise_kernel<4, at::native::(anonymous namespace)::launch_clamp_scalar(at::TensorIteratorBase&, c10::Scalar, c10::Scalar, at::native::detail::ClampLimits)::{lambda()#1}::operator()() const::{lambda()#7}::operator()() const::{lambda(float)#1}, std::array<char*, 2ul> >(int, at::native::(anonymous namespace)::launch_clamp_scalar(at::TensorIteratorBase&, c10::Scalar, c10::Scalar, at::native::detail::ClampLimits)::{lambda()#1}::operator()() const::{lambda()#7}::operator()() const::{lambda(float)#1}, std::array<char*, 2ul>)",1
32,1,head.0:AdaptiveAvgPool2d,"void at::native::reduce_kernel<512, 1, at::native::ReduceOp<float, at::native::MeanOps<float, float, float, float>, unsigned int, float, 4, 4> >(at::native::ReduceOp<float, at::native::MeanOps<float, float, float, float>, unsigned int, float, 4, 4>)",1
32,1,head.2:Linear,Memcpy DtoD (Device -> Device),1
32,1,head.2:Linear,"std::enable_if<!(false), void>::type internal::gemvx::kernel<int, int, float, float, float, float, false, true, true, false, 7, false, cublasGemvParamsEx<int, cublasGemvTensorStridedBatched<float const>, cublasGemvTensorStridedBatched<float const>, cublasGemvTensorStridedBatched<float>, float> >(cublasGemvParamsEx<int, cublasGemvTensorStridedBatched<float const>, cublasGemvTensorStridedBatched<float const>, cublasGemvTensorStridedBatched<float>, float>)",1
32,1,head.3:ReLU,"void at::native::vectorized_elementwise_kernel<4, at::native::(anonymous namespace)::launch_clamp_scalar(at::TensorIteratorBase&, c10::Scalar, c10::Scalar, at::native::detail::ClampLimits)::{lambda()#1}::operator()() const::{lambda()#7}::operator()() const::{lambda(float)#1}, std::array<char*, 2ul> >(int, at::native::(anonymous namespace)::launch_clamp_scalar(at::TensorIteratorBase&, c10::Scalar, c10::Scalar, at::native::detail::ClampLimits)::{lambda()#1}::operator()() const::{lambda()#7}::operator()() const::{lambda(float)#1}, std::array<char*, 2ul>)",1
32,1,head.4:Linear,Memcpy DtoD (Device -> Device),1
32,1,head.4:Linear,"std::enable_if<!(false), void>::type internal::gemvx::kernel<int, int, float, float, float, float, false, true, true, false, 7, false, cublasGemvParamsEx<int, cublasGemvTensorStridedBatched<float const>, cublasGemvTensorStridedBatched<float const>, cublasGemvTensorStridedBatched<float>, float> >(cublasGemvParamsEx<int, cublasGemvTensorStridedBatched<float const>, cublasGemvTensorStridedBatched<float const>, cublasGemvTensorStridedBatched<float>, float>)",1
224,16,features.0:Conv2d,_5x_cudnn_volta_scudnn_128x32_relu_medium_nn_v1,1
224,16,features.0:Conv2d,"void cask__5x_cudnn::computeOffsetsKernel<false, false>(cask__5x_cudnn::ComputeOffsetsParams)",1
224,16,features.1:BatchNorm2d,"void cudnn::bn_fw_inf_1C11_kernel_NCHW<float, float, true, 1>(float, float, cudnnTensorStruct, float const*, cudnnTensorStruct, float*, cudnnTensorStruct, float const*, float const*, float const*, float const*, float)",1
224,16,features.2:ReLU,"void at::native::vectorized_elementwise_kernel<4, at::native::(anonymous namespace)::launch_clamp_scalar(at::TensorIteratorBase&, c10::Scalar, c10::Scalar, at::native::detail::ClampLimits)::{lambda()#1}::operator()() const::{lambda()#7}::operator()() const::{lambda(float)#1}, std::array<char*, 2ul> >(int, at::native::(anonymous namespace)::launch_clamp_scalar(at::TensorIteratorBase&, c10::Scalar, c10::Scalar, at::native::detail::ClampLimits)::{lambda()#1}::operator()() const::{lambda()#7}::operator()() const::{lambda(float)#1}, std::array<char*, 2ul>)",1
224,16,features.3:MaxPool2d,"void at::native::(anonymous namespace)::max_pool_forward_nchw<float, int>(int, float const*, long, long, long, int, int, int, int, int, int, int, int, int, int, float*, long*)",1
224,16,features.4:Conv2d,_5x_cudnn_volta_scudnn_128x64_relu_small_nn_v1,1
224,16,features.4:Conv2d,"void cask__5x_cudnn::computeOffsetsKernel<false, false>(cask__5x_cudnn::ComputeOffsetsParams)",1
224,16,features.5:BatchNorm2d,"void cudnn::bn_fw_inf_1C11_kernel_NCHW<float, float, true, 1>(float, float, cudnnTensorStruct, float const*, cudnnTensorStruct, float*, cudnnTensorStruct, float const*, float const*, float const*, float const*, float)",1
224,16,features.6:ReLU,"void at::native::vectorized_elementwise_kernel<4, at::native::(anonymous namespace)::launch_clamp_scalar(at::TensorIteratorBase&, c10::Scalar, c10::Scalar, at::native::detail::ClampLimits)::{lambda()#1}::operator()() const::{lambda()#7}::operator()() const::{lambda(float)#1}, std::array<char*, 2ul> >(int, at::native::(anonymous namespace)::launch_clamp_scalar(at::TensorIteratorBase&, c10::Scalar, c10::Scalar, at::native::detail::ClampLimits)::{lambda()#1}::operator()() const::{lambda()#7}::operator()() const::{lambda(float)#1}, std::array<char*, 2ul>)",1
224,16,features.7:Conv2d,_5x_cudnn_volta_scudnn_128x64_relu_xregs_large_nn_v1,1
224,16,features.7:Conv2d,"void cask__5x_cudnn::computeOffsetsKernel<false, false>(cask__5x_cudnn::ComputeOffsetsParams)",1
224,16,features.8:BatchNorm2d,"void cudnn::bn_fw_inf_1C11_kernel_NCHW<float, float, true, 1>(float, float, cudnnTensorStruct, float const*, cudnnTensorStruct, float*, cudnnTensorStruct, float const*, float const*, float const*, float const*, float)",1
224,16,features.9:ReLU,"void at::native::vectorized_elementwise_kernel<4, at::native::(anonymous namespace)::launch_clamp_scalar(at::TensorIteratorBase&, c10::Scalar, c10::Scalar, at::native::detail::ClampLimits)::{lambda()#1}::operator()() const::{lambda()#7}::operator()() const::{lambda(float)#1}, std::array<char*, 2ul> >(int, at::native::(anonymous namespace)::launch_clamp_scalar(at::TensorIteratorBase&, c10::Scalar, c10::Scalar, at::native::detail::ClampLimits)::{lambda()#1}::operator()() const::{lambda()#7}::operator()() const::{lambda(float)#1}, std::array<char*, 2ul>)",1
224,16,features.10:Conv2d,_5x_cudnn_volta_scudnn_128x128_relu_medium_nn_v1,1
224,16,features.10:Conv2d,"void cask__5x_cudnn::computeOffsetsKernel<false, false>(cask__5x_cudnn::ComputeOffsetsParams)",1
224,16,features.11:BatchNorm2d,"void cudnn::bn_fw_inf_1C11_kernel_NCHW<float, float, true, 1>(float, float, cudnnTensorStruct, float const*, cudnnTensorStruct, float*, cudnnTensorStruct, float const*, float const*, float const*, float const*, float)",1
224,16,features.12:ReLU,"void at::native::vectorized_elementwise_kernel<4, at::native::(anonymous namespace)::launch_clamp_scalar(at::TensorIteratorBase&, c10::Scalar, c10::Scalar, at::native::detail::ClampLimits)::{lambda()#1}::operator()() const::{lambda()#7}::operator()() const::{lambda(float)#1}, std::array<char*, 2ul> >(int, at::native::(anonymous namespace)::launch_clamp_scalar(at::TensorIteratorBase&, c10::Scalar, c10::Scalar, at::native::detail::ClampLimits)::{lambda()#1}::operator()() const::{lambda()#7}::operator()() const::{lambda(float)#1}, std::array<char*, 2ul>)",1
224,16,features.13:Conv2d,_5x_cudnn_volta_scudnn_128x64_relu_small_nn_v1,1
224,16,features.13:Conv2d,"void cask__5x_cudnn::computeOffsetsKernel<false, false>(cask__5x_cudnn::ComputeOffsetsParams)",1
224,16,features.14:BatchNorm2d,"void cudnn::bn_fw_inf_1C11_kernel_NCHW<float, float, true, 1>(float, float, cudnnTensorStruct, float const*, cudnnTensorStruct, float*, cudnnTensorStruct, float const*, float const*, float const*, float const*, float)",1
224,16,features.15:ReLU,"void at::native::vectorized_elementwise_kernel<4, at::native::(anonymous namespace)::launch_clamp_scalar(at::TensorIteratorBase&, c10::Scalar, c10::Scalar, at::native::detail::ClampLimits)::{lambda()#1}::operator()() const::{lambda()#7}::operator()() const::{lambda(float)#1}, std::array<char*, 2ul> >(int, at::native::(anonymous namespace)::launch_clamp_scalar(at::TensorIteratorBase&, c10::Scalar, c10::Scalar, at::native::detail::ClampLimits)::{lambda()#1}::operator()() const::{lambda()#7}::operator()() const::{lambda(float)#1}, std::array<char*, 2ul>)",1
224,16,features.16:Conv2d,_5x_cudnn_volta_scudnn_128x64_relu_small_nn_v1,1
224,16,features.16:Conv2d,"void cask__5x_cudnn::computeOffsetsKernel<false, false>(cask__5x_cudnn::ComputeOffsetsParams)",1
224,16,features.17:BatchNorm2d,"void cudnn::bn_fw_inf_1C11_kernel_NCHW<float, float, true, 1>(float, float, cudnnTensorStruct, float const*, cudnnTensorStruct, float*, cudnnTensorStruct, float const*, float const*, float const*, float const*, float)",1
224,16,features.18:ReLU,"void at::native::vectorized_elementwise_kernel<4, at::native::(anonymous namespace)::launch_clamp_scalar(at::TensorIteratorBase&, c10::Scalar, c10::Scalar, at::native::detail::ClampLimits)::{lambda()#1}::operator()() const::{lambda()#7}::operator()() const::{lambda(float)#1}, std::array<char*, 2ul> >(int, at::native::(anonymous namespace)::launch_clamp_scalar(at::TensorIteratorBase&, c10::Scalar, c10::Scalar, at::native::detail::ClampLimits)::{lambda()#1}::operator()() const::{lambda()#7}::operator()() const::{lambda(float)#1}, std::array<char*, 2ul>)",1
224,16,head.0:AdaptiveAvgPool2d,"void at::native::reduce_kernel<512, 1, at::native::ReduceOp<float, at::native::MeanOps<float, float, float, float>, unsigned int, float, 4, 4> >(at::native::ReduceOp<float, at::native::MeanOps<float, float, float, float>, unsigned int, float, 4, 4>)",1
224,16,head.2:Linear,"void gemmSN_TN_kernel<float, 128, 16, 2, 4, 8, 9, false, cublasGemvTensorStridedBatched<float const>, cublasGemvTensorStridedBatched<float const>, cublasGemvTensorStridedBatched<float> >(cublasGemmSmallNParams<cublasGemvTensorStridedBatched<float const>, cublasGemvTensorStridedBatched<float const>, cublasGemvTensorStridedBatched<float>, float>)",1
224,16,head.3:ReLU,"void at::native::vectorized_elementwise_kernel<4, at::native::(anonymous namespace)::launch_clamp_scalar(at::TensorIteratorBase&, c10::Scalar, c10::Scalar, at::native::detail::ClampLimits)::{lambda()#1}::operator()() const::{lambda()#7}::operator()() const::{lambda(float)#1}, std::array<char*, 2ul> >(int, at::native::(anonymous namespace)::launch_clamp_scalar(at::TensorIteratorBase&, c10::Scalar, c10::Scalar, at::native::detail::ClampLimits)::{lambda()#1}::operator()() const::{lambda()#7}::operator()() const::{lambda(float)#1}, std::array<char*, 2ul>)",1
224,16,head.4:Linear,"void gemmSN_TN_kernel<float, 128, 16, 2, 4, 8, 9, false, cublasGemvTensorStridedBatched<float const>, cublasGemvTensorStridedBatched<float const>, cublasGemvTensorStridedBatched<float> >(cublasGemmSmallNParams<cublasGemvTensorStridedBatched<float const>, cublasGemvTensorStridedBatched<float const>, cublasGemvTensorStridedBatched<float>, float>)",1
512,16,features.0:Conv2d,_5x_cudnn_volta_scudnn_128x32_relu_medium_nn_v1,1
512,16,features.0:Conv2d,"void cask__5x_cudnn::computeOffsetsKernel<false, false>(cask__5x_cudnn::ComputeOffsetsParams)",1
512,16,features.1:BatchNorm2d,"void cudnn::bn_fw_inf_1C11_kernel_NCHW<float, float, true, 1>(float, float, cudnnTensorStruct, float const*, cudnnTensorStruct, float*, cudnnTensorStruct, float const*, float const*, float const*, float const*, float)",1
512,16,features.2:ReLU,"void at::native::vectorized_elementwise_kernel<4, at::native::(anonymous namespace)::launch_clamp_scalar(at::TensorIteratorBase&, c10::Scalar, c10::Scalar, at::native::detail::ClampLimits)::{lambda()#1}::operator()() const::{lambda()#7}::operator()() const::{lambda(float)#1}, std::array<char*, 2ul> >(int, at::native::(anonymous namespace)::launch_clamp_scalar(at::TensorIteratorBase&, c10::Scalar, c10::Scalar, at::native::detail::ClampLimits)::{lambda()#1}::operator()() const::{lambda()#7}::operator()() const::{lambda(float)#1}, std::array<char*, 2ul>)",1
512,16,features.3:MaxPool2d,"void at::native::(anonymous namespace)::max_pool_forward_nchw<float, int>(int, float const*, long, long, long, int, int, int, int, int, int, int, int, int, int, float*, long*)",1
512,16,features.4:Conv2d,"void cudnn::winograd_nonfused::winogradForwardData9x9_5x5<float, float>(cudnn::winograd_nonfused::WinogradDataParams<float, float>)",1
512,16,features.4:Conv2d,"void cudnn::winograd_nonfused::winogradForwardFilter9x9_5x5<float, float>(cudnn::winograd_nonfused::WinogradFilterParams<float, float>)",1
512,16,features.4:Conv2d,"void cudnn::winograd_nonfused::winogradForwardOutput9x9_5x5<float, float>(cudnn::winograd_nonfused::WinogradOutputParams<float, float>)",1
512,16,features.4:Conv2d,volta_sgemm_128x64_nn,1
512,16,features.5:BatchNorm2d,"void cudnn::bn_fw_inf_1C11_kernel_NCHW<float, float, true, 1>(float, float, cudnnTensorStruct, float const*, cudnnTensorStruct, float*, cudnnTensorStruct, float const*, float const*, float const*, float const*, float)",1
512,16,features.6:ReLU,"void at::native::vectorized_elementwise_kernel<4, at::native::(anonymous namespace)::launch_clamp_scalar(at::TensorIteratorBase&, c10::Scalar, c10::Scalar, at::native::detail::ClampLimits)::{lambda()#1}::operator()() const::{lambda()#7}::operator()() const::{lambda(float)#1}, std::array<char*, 2ul> >(int, at::native::(anonymous namespace)::launch_clamp_scalar(at::TensorIteratorBase&, c10::Scalar, c10::Scalar, at::native::detail::ClampLimits)::{lambda()#1}::operator()() const::{lambda()#7}::operator()() const::{lambda(float)#1}, std::array<char*, 2ul>)",1
512,16,features.7:Conv2d,_5x_cudnn_volta_scudnn_128x128_relu_medium_nn_v1,1
512,16,features.7:Conv2d,"void cask__5x_cudnn::computeOffsetsKernel<false, false>(cask__5x_cudnn::ComputeOffsetsParams)",1
512,16,features.8:BatchNorm2d,"void cudnn::bn_fw_inf_1C11_kernel_NCHW<float, float, true, 1>(float, float, cudnnTensorStruct, float const*, cudnnTensorStruct, float*, cudnnTensorStruct, float const*, float const*, float const*, float const*, float)",1
512,16,features.9:ReLU,"void at::native::vectorized_elementwise_kernel<4, at::native::(anonymous namespace)::launch_clamp_scalar(at::TensorIteratorBase&, c10::Scalar, c10::Scalar, at::native::detail::ClampLimits)::{lambda()#1}::operator()() const::{lambda()#7}::operator()() const::{lambda(float)#1}, std::array<char*, 2ul> >(int, at::native::(anonymous namespace)::launch_clamp_scalar(at::TensorIteratorBase&, c10::Scalar, c10::Scalar, at::native::detail::ClampLimits)::{lambda()#1}::operator()() const::{lambda()#7}::operator()() const::{lambda(float)#1}, std::array<char*, 2ul>)",1
512,16,features.10:Conv2d,volta_sgemm_128x64_nn,1
512,16,features.11:BatchNorm2d,"void cudnn::bn_fw_inf_1C11_kernel_NCHW<float, float, true, 1>(float, float, cudnnTensorStruct, float const*, cudnnTensorStruct, float*, cudnnTensorStruct, float const*, float const*, float const*, float const*, float)",1
512,16,features.12:ReLU,"void at::native::vectorized_elementwise_kernel<4, at::native::(anonymous namespace)::launch_clamp_scalar(at::TensorIteratorBase&, c10::Scalar, c10::Scalar, at::native::detail::ClampLimits)::{lambda()#1}::operator()() const::{lambda()#7}::operator()() const::{lambda(float)#1}, std::array<char*, 2ul> >(int, at::native::(anonymous namespace)::launch_clamp_scalar(at::TensorIteratorBase&, c10::Scalar, c10::Scalar, at::native::detail::ClampLimits)::{lambda()#1}::operator()() const::{lambda()#7}::operator()() const::{lambda(float)#1}, std::array<char*, 2ul>)",1
512,16,features.13:Conv2d,_5x_cudnn_volta_scudnn_128x64_relu_xregs_large_nn_v1,1
512,16,features.13:Conv2d,"void cask__5x_cudnn::computeOffsetsKernel<false, false>(cask__5x_cudnn::ComputeOffsetsParams)",1
512,16,features.14:BatchNorm2d,"void cudnn::bn_fw_inf_1C11_kernel_NCHW<float, float, true, 1>(float, float, cudnnTensorStruct, float const*, cudnnTensorStruct, float*, cudnnTensorStruct, float const*, float const*, float const*, float const*, float)",1
512,16,features.15:ReLU,"void at::native::vectorized_elementwise_kernel<4, at::native::(anonymous namespace)::launch_clamp_scalar(at::TensorIteratorBase&, c10::Scalar, c10::Scalar, at::native::detail::ClampLimits)::{lambda()#1}::operator()() const::{lambda()#7}::operator()() const::{lambda(float)#1}, std::array<char*, 2ul> >(int, at::native::(anonymous namespace)::launch_clamp_scalar(at::TensorIteratorBase&, c10::Scalar, c10::Scalar, at::native::detail::ClampLimits)::{lambda()#1}::operator()() const::{lambda()#7}::operator()() const::{lambda(float)#1}, std::array<char*, 2ul>)",1
512,16,features.16:Conv2d,volta_sgemm_128x64_nn,1
512,16,features.17:BatchNorm2d,"void cudnn::bn_fw_inf_1C11_kernel_NCHW<float, float, true, 1>(float, float, cudnnTensorStruct, float const*, cudnnTensorStruct, float*, cudnnTensorStruct, float const*, float const*, float const*, float const*, float)",1
512,16,features.18:ReLU,"void at::native::vectorized_elementwise_kernel<4, at::native::(anonymous namespace)::launch_clamp_scalar(at::TensorIteratorBase&, c10::Scalar, c10::Scalar, at::native::detail::ClampLimits)::{lambda()#1}::operator()() const::{lambda()#7}::operator()() const::{lambda(float)#1}, std::array<char*, 2ul> >(int, at::native::(anonymous namespace)::launch_clamp_scalar(at::TensorIteratorBase&, c10::Scalar, c10::Scalar, at::native::detail::ClampLimits)::{lambda()#1}::operator()() const::{lambda()#7}::operator()() const::{lambda(float)#1}, std::array<char*, 2ul>)",1
512,16,head.0:AdaptiveAvgPool2d,"void at::native::reduce_kernel<512, 1, at::native::ReduceOp<float, at::native::MeanOps<float, float, float, float>, unsigned int, float, 4, 4> >(at::native::ReduceOp<float, at::native::MeanOps<float, float, float, float>, unsigned int, float, 4, 4>)",1
512,16,head.2:Linear,"void gemmSN_TN_kernel<float, 128, 16, 2, 4, 8, 9, false, cublasGemvTensorStridedBatched<float const>, cublasGemvTensorStridedBatched<float const>, cublasGemvTensorStridedBatched<float> >(cublasGemmSmallNParams<cublasGemvTensorStridedBatched<float const>, cublasGemvTensorStridedBatched<float const>, cublasGemvTensorStridedBatched<float>, float>)",1
512,16,head.3:ReLU,"void at::native::vectorized_elementwise_kernel<4, at::native::(anonymous namespace)::launch_clamp_scalar(at::TensorIteratorBase&, c10::Scalar, c10::Scalar, at::native::detail::ClampLimits)::{lambda()#1}::operator()() const::{lambda()#7}::operator()() const::{lambda(float)#1}, std::array<char*, 2ul> >(int, at::native::(anonymous namespace)::launch_clamp_scalar(at::TensorIteratorBase&, c10::Scalar, c10::Scalar, at::native::detail::ClampLimits)::{lambda()#1}::operator()() const::{lambda()#7}::operator()() const::{lambda(float)#1}, std::array<char*, 2ul>)",1
512,16,head.4:Linear,"void gemmSN_TN_kernel<float, 128, 16, 2, 4, 8, 9, false, cublasGemvTensorStridedBatched<float const>, cublasGemvTensorStridedBatched<float const>, cublasGemvTensorStridedBatched<float> >(cublasGemmSmallNParams<cublasGemvTensorStridedBatched<float const>, cublasGemvTensorStridedBatched<float const>, cublasGemvTensorStridedBatched<float>, float>)",1
